scene_title,topic_title,word,meaning,part_of_speech,phonetic_us,phonetic_uk,difficulty,description,examples_json,sort_order
喜好与选择,喜欢的吃喝,like,喜欢,v,,,L1,核心词：I like coffee,[],
喜好与选择,喜欢的吃喝,coffee,咖啡,n,,,L1,核心词：饮品,[],1
喜好与选择,喜欢的吃喝,tea,茶,n,,,L1,核心词：饮品,[],2
喜好与选择,喜欢的吃喝,milk,牛奶,n,,,L1,核心词：饮品,[],3
喜好与选择,喜欢的吃喝,rice,米饭,n,,,L1,核心词：食物,[],4
喜好与选择,喜欢的吃喝,noodles,面条,n,,,L1,核心词：食物,[],5
喜好与选择,喜欢的吃喝,juice,果汁,n,,,L1,扩展词：饮品,[],6
喜好与选择,喜欢的吃喝,bread,面包,n,,,L1,扩展词：食物,[],7
喜好与选择,喜欢的吃喝,soup,汤,n,,,L1,扩展词：食物,[],8
喜好与选择,喜欢的吃喝,eggs,鸡蛋,n,,,L1,扩展词：食物,[],9
喜好与选择,喜欢的活动,read,阅读,v,,,L1,核心词：活动,[],
喜好与选择,喜欢的活动,watch,观看,v,,,L1,核心词：活动,[],1
喜好与选择,喜欢的活动,listen,听,v,,,L1,核心词：活动,[],2
喜好与选择,喜欢的活动,music,音乐,n,,,L1,核心词：内容,[],3
喜好与选择,喜欢的活动,movies,电影,n,,,L1,核心词：内容,[],4
喜好与选择,喜欢的活动,sports,运动,n,,,L1,核心词：内容,[],5
喜好与选择,喜欢的活动,cook,烹饪,v,,,L1,扩展词：活动,[],6
喜好与选择,喜欢的活动,swim,游泳,v,,,L1,扩展词：活动,[],7
喜好与选择,喜欢的活动,walk,散步,v,,,L1,扩展词：活动,[],8
喜好与选择,喜欢的活动,games,游戏,n,,,L1,扩展词：内容,[],9
喜好与选择,喜欢还是不喜欢,do,助动词,v,,,L1,核心词：Do you like?,[],
喜好与选择,喜欢还是不喜欢,don't,不,v,,,L1,核心词：否定,[],1
喜好与选择,喜欢还是不喜欢,prefer,更喜欢,v,,,L1,核心词：偏好,[],2
喜好与选择,喜欢还是不喜欢,favorite,最喜欢的,adj,,,L1,核心词：最爱,[],3
喜好与选择,喜欢还是不喜欢,spicy,辣的,adj,,,L1,核心词：口味,[],4
喜好与选择,喜欢还是不喜欢,sweet,甜的,adj,,,L1,扩展词：口味,[],5
喜好与选择,喜欢还是不喜欢,hot,热的/辣的,adj,,,L1,扩展词：温度/口味,[],6
喜好与选择,喜欢还是不喜欢,cold,冷的,adj,,,L1,扩展词：温度,[],7
喜好与选择,喜欢还是不喜欢,fresh,新鲜的,adj,,,L1,扩展词：品质,[],8
想要与需要,我想要什么,want,想要,v,,,L1,核心词：I want,[],
想要与需要,我想要什么,food,食物,n,,,L1,核心词：物品,[],1
想要与需要,我想要什么,drink,饮品,n,,,L1,核心词：物品,[],2
想要与需要,我想要什么,laptop,笔记本电脑,n,,,L1,核心词：物品,[],3
想要与需要,我想要什么,camera,相机,n,,,L1,核心词：物品,[],4
想要与需要,我想要什么,ticket,票,n,,,L1,核心词：物品,[],5
想要与需要,我想要什么,bicycle,自行车,n,,,L1,扩展词：物品,[],6
想要与需要,我想要什么,job,工作,n,,,L1,扩展词：物品,[],7
想要与需要,我想要什么,room,房间,n,,,L1,扩展词：物品,[],8
想要与需要,我想要什么,seat,座位,n,,,L1,扩展词：物品,[],9
想要与需要,我想做什么,go,去,v,,,L1,核心词：行动,[],
想要与需要,我想做什么,eat,吃,v,,,L1,核心词：行动,[],1
想要与需要,我想做什么,rest,休息,v,,,L1,核心词：行动,[],2
想要与需要,我想做什么,leave,离开,v,,,L1,核心词：行动,[],3
想要与需要,我想做什么,come,来,v,,,L1,核心词：行动,[],4
想要与需要,我想做什么,join,加入,v,,,L1,核心词：行动,[],5
想要与需要,我想做什么,learn,学习,v,,,L1,扩展词：行动,[],6
想要与需要,我想做什么,travel,旅行,v,,,L1,扩展词：行动,[],9
想要与需要,我真正需要什么,need,需要,v,,,L1,核心词：I need,[],
想要与需要,我真正需要什么,help,帮助,n,,,L1,核心词：需求,[],1
想要与需要,我真正需要什么,time,时间,n,,,L1,核心词：需求,[],2
想要与需要,我真正需要什么,break,休息,n,,,L1,核心词：需求,[],3
想要与需要,我真正需要什么,information,信息,n,,,L1,核心词：需求,[],4
想要与需要,我真正需要什么,anything,任何事物,pron,,,L1,核心词：需求,[],5
想要与需要,我真正需要什么,money,钱,n,,,L1,扩展词：需求,[],8
想要与需要,我真正需要什么,sleep,睡觉,v,,,L1,扩展词：需求,[],9
饮食与点单,礼貌点单,would,想要(礼貌),v,,,L1,核心词：I'd like,[],
饮食与点单,礼貌点单,order,点单,v,,,L1,核心词：点菜,[],1
饮食与点单,礼貌点单,menu,菜单,n,,,L1,核心词：物品,[],2
饮食与点单,礼貌点单,table,桌子,n,,,L1,核心词：物品,[],3
饮食与点单,礼貌点单,chicken,鸡肉,n,,,L1,核心词：食物,[],4
饮食与点单,礼貌点单,please,请,interj,,,L1,核心词：礼貌词,[],5
饮食与点单,礼貌点单,salad,沙拉,n,,,L1,扩展词：食物,[],6
饮食与点单,礼貌点单,sandwich,三明治,n,,,L1,扩展词：食物,[],9
饮食与点单,接受与拒绝,some,一些,det,,,L1,核心词：数量,[],
饮食与点单,接受与拒绝,any,任何,det,,,L1,核心词：数量,[],1
饮食与点单,接受与拒绝,more,更多,det,,,L1,核心词：数量,[],2
饮食与点单,接受与拒绝,or,或者,conj,,,L1,核心词：选择,[],3
饮食与点单,接受与拒绝,enough,足够,adj,,,L1,核心词：程度,[],4
饮食与点单,接受与拒绝,cake,蛋糕,n,,,L1,扩展词：食物,[],5
饮食与点单,接受与拒绝,water,水,n,,,L1,扩展词：饮品,[],8
饮食与点单,追加与结账,bill,账单,n,,,L1,核心词：结账,[],
饮食与点单,追加与结账,glass,玻璃杯,n,,,L1,核心词：餐具,[],1
饮食与点单,追加与结账,fork,叉子,n,,,L1,核心词：餐具,[],2
饮食与点单,追加与结账,spoon,勺子,n,,,L1,核心词：餐具,[],3
饮食与点单,追加与结账,plate,盘子,n,,,L1,扩展词：餐具,[],5
饮食与点单,追加与结账,napkin,餐巾,n,,,L1,扩展词：餐具,[],6
饮食与点单,追加与结账,receipt,收据,n,,,L1,扩展词：结账,[],7
饮食与点单,追加与结账,bowl,碗,n,,,L1,扩展词：餐具,[],8
我的一天,早晨,get up,起床,v,,,L1,核心词：早晨,[],
我的一天,早晨,breakfast,早餐,n,,,L1,核心词：餐次,[],1
我的一天,早晨,early,早,adj,,,L1,核心词：时间,[],3
我的一天,早晨,seven,七,num,,,L1,核心词：数字,[],4
我的一天,早晨,eight,八,num,,,L1,核心词：数字,[],5
我的一天,早晨,shower,淋浴,n,,,L1,扩展词：早晨,[],6
我的一天,早晨,wash,洗,v,,,L1,扩展词：早晨,[],7
我的一天,白天,work,工作,v,,,L1,核心词：白天,[],
我的一天,白天,study,学习,v,,,L1,核心词：白天,[],1
我的一天,白天,lunch,午餐,n,,,L1,核心词：餐次,[],2
我的一天,白天,bus,公交车,n,,,L1,核心词：交通,[],3
我的一天,白天,office,办公室,n,,,L1,核心词：地点,[],4
我的一天,白天,school,学校,n,,,L1,核心词：地点,[],5
我的一天,白天,train,火车,n,,,L1,扩展词：交通,[],6
我的一天,白天,subway,地铁,n,,,L1,扩展词：交通,[],7
我的一天,白天,library,图书馆,n,,,L1,扩展词：地点,[],8
我的一天,白天,home,家,n,,,L1,扩展词：地点,[],9
我的一天,晚上与周末,relax,放松,v,,,L1,核心词：晚上,[],
我的一天,晚上与周末,night,夜晚,n,,,L1,核心词：时间,[],1
我的一天,晚上与周末,weekend,周末,n,,,L1,核心词：时间,[],2
我的一天,晚上与周末,visit,拜访,v,,,L1,核心词：活动,[],3
我的一天,晚上与周末,friends,朋友,n,,,L1,核心词：人物,[],4
我的一天,晚上与周末,Saturday,周六,n,,,L1,核心词：时间,[],5
我的一天,晚上与周末,family,家人,n,,,L1,扩展词：人物,[],6
我的一天,晚上与周末,TV,电视,n,,,L1,扩展词：活动,[],7
我的一天,晚上与周末,Sunday,周日,n,,,L1,扩展词：时间,[],8
我的一天,晚上与周末,park,公园,n,,,L1,扩展词：地点,[],9
日常用品与购物,我有什么,have,有,v,,,L1,核心词：拥有,[],
日常用品与购物,我有什么,charger,充电器,n,,,L1,核心词：复用,[],1
日常用品与购物,我有什么,umbrella,雨伞,n,,,L1,核心词：复用,[],2
日常用品与购物,我有什么,minute,分钟,n,,,L1,核心词：时间,[],3
日常用品与购物,我有什么,use,使用,v,,,L1,核心词：借用,[],4
日常用品与购物,我有什么,borrow,借,v,,,L1,核心词：借用,[],5
日常用品与购物,我有什么,pen,笔,n,,,L1,扩展词：物品,[],6
日常用品与购物,我有什么,cable,数据线,n,,,L1,扩展词：物品,[],7
日常用品与购物,我有什么,headphones,耳机,n,,,L1,扩展词：物品,[],8
日常用品与购物,我有什么,drawer,抽屉,n,,,L1,扩展词：地点,[],9
日常用品与购物,询问商品,price,价格,n,,,L1,核心词：商品,[],
日常用品与购物,询问商品,size,尺码,n,,,L1,核心词：商品,[],1
日常用品与购物,询问商品,color,颜色,n,,,L1,核心词：商品,[],2
日常用品与购物,询问商品,larger,更大的,adj,,,L1,核心词：比较,[],3
日常用品与购物,询问商品,smaller,更小的,adj,,,L1,核心词：比较,[],4
日常用品与购物,询问商品,try on,试穿,v,,,L1,核心词：动作,[],5
日常用品与购物,询问商品,green,绿色,adj,,,L1,扩展词：颜色,[],6
日常用品与购物,询问商品,yellow,黄色,adj,,,L1,扩展词：颜色,[],7
日常用品与购物,询问商品,jacket,夹克,n,,,L1,扩展词：商品,[],8
日常用品与购物,询问商品,shoes,鞋子,n,,,L1,扩展词：商品,[],9
日常用品与购物,选择与决定,take,拿/买,v,,,L1,核心词：决定,[],
日常用品与购物,选择与决定,expensive,贵的,adj,,,L1,核心词：评价,[],1
日常用品与购物,选择与决定,one,一个,pron,,,L1,核心词：指代,[],2
日常用品与购物,选择与决定,choose,选择,v,,,L1,扩展词：决定,[],3
日常用品与购物,选择与决定,cheap,便宜,adj,,,L1,扩展词：评价,[],4
日常用品与购物,选择与决定,both,两者都,pron,,,L1,扩展词：指代,[],5
日常用品与购物,选择与决定,another,另一个,pron,,,L1,扩展词：指代,[],6
日常用品与购物,选择与决定,cash,现金,n,,,L1,扩展词：支付,[],7
日常用品与购物,选择与决定,coupon,优惠券,n,,,L1,扩展词：支付,[],8
联系与约见,打电话与发消息,call,打电话,v,,,L1,核心词：通讯,[],
联系与约见,打电话与发消息,send,发送,v,,,L1,核心词：通讯,[],1
联系与约见,打电话与发消息,message,消息,n,,,L1,核心词：通讯,[],2
联系与约见,打电话与发消息,address,地址,n,,,L1,核心词：信息,[],3
联系与约见,打电话与发消息,photo,照片,n,,,L1,核心词：信息,[],4
联系与约见,打电话与发消息,back,回,adv,,,L1,核心词：通讯,[],5
联系与约见,打电话与发消息,text,短信,n,,,L1,扩展词：通讯,[],6
联系与约见,打电话与发消息,reply,回复,v,,,L1,扩展词：通讯,[],7
联系与约见,打电话与发消息,number,号码,n,,,L1,扩展词：信息,[],8
联系与约见,打电话与发消息,email,邮件,n,,,L1,扩展词：通讯,[],9
联系与约见,确认时间地点,free,有空的,adj,,,L1,核心词：状态,[],
联系与约见,确认时间地点,together,一起,adv,,,L1,核心词：方式,[],1
联系与约见,确认时间地点,café,咖啡店,n,,,L1,核心词：地点,[],2
联系与约见,确认时间地点,station,车站,n,,,L1,核心词：地点,[],3
联系与约见,确认时间地点,tonight,今晚,adv,,,L1,核心词：时间,[],4
联系与约见,确认时间地点,right,对的,adj,,,L1,核心词：确认,[],5
联系与约见,确认时间地点,Friday,周五,n,,,L1,扩展词：时间,[],6
联系与约见,确认时间地点,noon,中午,n,,,L1,扩展词：时间,[],7
联系与约见,确认时间地点,outside,外面,adv,,,L1,扩展词：地点,[],8
联系与约见,确认时间地点,inside,里面,adv,,,L1,扩展词：地点,[],9
联系与约见,在路上与迟到,way,路,n,,,L1,核心词：状态,[],
联系与约见,在路上与迟到,almost,几乎,adv,,,L1,核心词：程度,[],1
联系与约见,在路上与迟到,late,迟到,adj,,,L1,核心词：状态,[],2
联系与约见,在路上与迟到,running,奔跑/进行,v,,,L1,核心词：状态,[],3
联系与约见,在路上与迟到,arrive,到达,v,,,L1,核心词：动作,[],4
联系与约见,在路上与迟到,wait,等待,v,,,L1,核心词：动作,[],5
联系与约见,在路上与迟到,traffic,交通,n,,,L1,扩展词：原因,[],6
联系与约见,在路上与迟到,door,门,n,,,L1,扩展词：地点,[],8
联系与约见,在路上与迟到,there,那里,adv,,,L1,扩展词：地点,[],9
