scene_title,title,prompt_en,prompt_zh,duration_sec,difficulty,description,knowledge_points,teaching_markdown_file,ink_script_key
状态动词与进行时,状态还是动作？,Describe what is true in a room and what people are doing right now.,区分房间里“本来如此的状态”和“此刻正在发生的动作”。,600,L1,用一个判断问题选对一般时或进行时：它是什么状态，还是它正在做什么？,"state versus action; present simple; present continuous",状态还是动作.md,
状态动词与进行时,想法、感受与偏好,Share an opinion and explain what you are thinking about right now.,表达一个稳定的想法或喜好，再说你此刻正在思考的事。,600,L1,区分 think 表示观点与 think about 表示思考过程；同时练习 know、understand、want、prefer 等常见状态表达。,"opinion; thinking process; feelings; preferences",想法、感受与偏好.md,
状态动词与进行时,看见、听见与尝试,Talk about a café using see smell taste look and feel.,在咖啡馆描述你看见和感受到的东西，并区分“闻起来/尝起来”和“正在闻/尝”。,600,L1,感官动词的状态意义与动作意义；look 的“看起来”和 look at 的“正在看”。,"senses; appearance; see; smell; taste; look",看见、听见与尝试.md,
状态动词与进行时,拥有、需要与客观属性,Explain what belongs in a bag and describe an object’s size or weight.,说明物品属于谁、包含什么、你需要什么，以及物品本身的属性。,600,L2,拥有、所属、需要和尺寸重量通常描述关系或属性；weigh 表示称重动作时可以进行。,"ownership; need; contain; fit; weigh",拥有、需要与客观属性.md,
状态动词与进行时,性格还是临时表现？,Describe someone’s usual character and react to their behavior today.,区分一个人的稳定特征和他此刻的临时表现。,600,L2,be + adjective 与 be being + adjective 的语气差异；避免把一次行为说成人的永久标签。,"be; being; temporary behavior; personality",性格还是临时表现.md,
状态动词与进行时,变化、礼貌与持续意图,Talk about a changing preference and ask politely about someone’s plans.,理解状态动词偶尔使用进行时的三种原因：强调变化、语气更礼貌、表达持续已久的意图。,720,L2,prefer/taste/remember/like 的变化用法；will be needing；have been wanting/meaning。,"change and development; polite future continuous; present perfect continuous",变化、礼貌与持续意图.md,
状态动词与进行时,-ing 不等于进行时,Explain why knowing and agreeing can use -ing without describing an action in progress.,区分进行时和其他含 -ing 的结构；理解 knowing、agreeing 等词可以出现，但不等于“正在知道”或“正在同意”。,720,L2,分词短语；介词后动名词；状态动词的 -ing 形式。,"participle clauses; gerunds; prepositions; non-progressive ing forms",-ing 不等于进行时.md,
状态动词与进行时,总是发生，还是老是发生？,Compare planned habits with surprising or annoying repeated events.,区分一般时 always 的习惯/安排，和 be always/continually/forever + -ing 的意外频繁、抱怨或带感情的重复。,720,L2,always with present continuous; continual repetition; complaint; affection; expected routines。,"always; continually; forever; repeated events; speaker attitude",总是发生，还是老是发生.md,
状态动词与进行时,综合任务：把眼前情况说清楚,Explain a small problem at a café or hotel and ask for help naturally.,在咖啡店或酒店说明眼前的问题：什么状态不对、谁正在做什么、你需要怎样的帮助。,720,L2,综合使用状态与动作判断、变化含义和服务场景中的礼貌表达，完成说明问题、追问和确认下一步的短对话。,"integrated speaking; clarification; service interaction; change and politeness",综合任务：把眼前情况说清楚.md,
