scene_title,topic_title,pattern,meaning,slots,example,difficulty,sort_order
过去的状态,我以前是/有,"I was ___.","我过去是/在___","a student / happy / at home / tired / sick","I was a student last year.",L1,0
过去的状态,我以前是/有,"He/She was ___.","他/她过去___","shy / tall / at work / late / kind / busy","He was very shy before.",L1,1
过去的状态,我以前是/有,"They were ___.","他们过去在/是___","at home / happy / busy / tired / students","They were at home yesterday.",L1,2
过去的状态,我以前是/有,"It was ___.","那时候___","a nice day / cold / fun / great / rainy / hot","It was a nice day yesterday.",L1,3
过去的状态,我以前是/有,"I had ___.","我过去有___","a dog / a car / a bike / long hair / a cold","I had a dog when I was a child.",L1,4
过去的状态,我以前是/有,"She had ___.","她过去有/是___","short hair / glasses / a meeting / a dream","She had long hair last year.",L1,5
过去的状态,我以前是/有,"Were you ___? — Yes, I was. / No, I wasn't.","你那时___吗？","at home / tired / busy / late / happy","Were you at home last night?",L1,6
过去的状态,我以前是/有,"Was he/she ___? — Yes, he/she was.","他/她那时___吗？","at the party / in class / on time / sick","Was she at the party?",L1,7
过去的状态,我以前是/有,"How was ___? — It was ___.","___怎么样？","your weekend / great / the movie / boring / your day / good","How was your weekend? — It was great!",L1,8
过去的状态,我以前是/有,"The ___ was ___.","那个___很___","movie / boring / food / delicious / party / fun","The movie was really boring.",L1,9
过去的状态,我以前是/有,"Where were you ___?","你___在哪？","yesterday / last night / at 8 pm / last weekend","Where were you last night? — I was at home.",L1,10
过去的动作,昨天做了什么,"I ___ at ___.","我___在___","got up / 8 / went to bed / 11 / left / 7","I got up at 8 yesterday.",L1,11
过去的动作,昨天做了什么,"I went to ___.","我去了___","the supermarket / the park / a restaurant / work / school","I went to the supermarket.",L1,12
过去的动作,昨天做了什么,"I ate ___ for ___.","我___吃了___","noodles / lunch / rice / dinner / bread / breakfast","I ate noodles for lunch.",L1,13
过去的动作,昨天做了什么,"I ___ed ___ last ___.","我昨晚___了___","watched / a movie / night / played / basketball / weekend","I watched a movie last night.",L1,14
过去的动作,昨天做了什么,"I ___ed ___ with ___.","我和___一起___了___","played / basketball / my friends / cooked / dinner / my family","I played basketball with my friends.",L1,15
过去的动作,不规则动词专项,"I saw ___ at ___.","我在___看到___","a friend / the mall / my teacher / school / him / the party","I saw a friend at the mall.",L1,16
过去的动作,不规则动词专项,"She said ___.","她说了___","hello / goodbye / thank you / sorry / nothing / yes","She said hello to me.",L1,17
过去的动作,不规则动词专项,"He made ___.","他做了___","a cake / dinner / a mistake / a phone call / a plan","He made a big cake for the party.",L1,18
过去的动作,不规则动词专项,"I did ___.","我做了___","my homework / the dishes / exercise / my best / nothing","I did my homework after school.",L1,19
过去的动作,不规则动词专项,"We had ___.","我们有/度过了___","a great time / a meeting / lunch / fun / a party","We had a great time at the beach.",L1,20
过去的动作,不规则动词专项,"She took ___.","她___了___","a lot of photos / a taxi / a break / the bus / a shower","She took a lot of photos.",L1,21
讲述经历,上个周末/去年,"Last weekend I ___.","上周末我___","visited my grandparents / stayed home / went shopping / cleaned my room","Last weekend I visited my grandparents.",L1,22
讲述经历,上个周末/去年,"Last year I ___.","去年我___","traveled to Japan / started a new job / moved to Beijing / learned to drive","Last year I traveled to Japan.",L1,23
讲述经历,ago 表达,"I ___ ___ ago.","我___前___","lived in Shanghai / two years / started this job / three months","I lived in Shanghai two years ago.",L1,24
讲述经历,某年某事,"We moved to ___ in ___.","我们___年搬到了___","Beijing / 2015 / this apartment / last month / this city / 2020","We moved to this city in 2018.",L1,25
讲述经历,某年某事,"She started ___ when she was ___.","她___岁时开始___","learning English / 10 / playing piano / 6 / working here / 2020","She started learning English when she was 10.",L1,26
讲述经历,某年某事,"I met ___ in/at ___.","我在___认识了___","my best friend / college / my wife / work / him / a party","I met my best friend in college.",L1,27
讲述经历,否定句 didn't,"I didn't ___.","我没有___","go to school / eat breakfast / sleep well / watch TV / call her","I didn't go to school yesterday.",L1,28
讲述经历,否定句 didn't,"She didn't ___.","她没有___","like the movie / come to class / call me / eat anything","She didn't like the movie.",L1,29
讲述经历,疑问句 Did,"Did you ___? — Yes, I did. / No, I didn't.","你___了吗？","have a good weekend / eat lunch / finish work / call her","Did you have a good weekend? — Yes, I did!",L1,30
讲述经历,疑问句 Did,"Did she ___? — Yes, she did. / No, she didn't.","她___了吗？","call you / come to class / bring the book / tell you the news","Did she call you yesterday?",L1,31
讲述经历,疑问句 Did,"When did you ___? — I ___ at ___.","你什么时候___的？","arrive / arrived / 3 / leave / left / 5 / start / started / 9","When did you arrive? — I arrived at 3 pm.",L1,32
讲述经历,疑问句 Did,"Where did you ___? — I ___ to ___.","你在哪里___的？","go / went / a concert / eat / ate / a restaurant","Where did you go last night? — I went to a concert.",L1,33
讲述经历,疑问句 Did,"What did you ___? — I ___.","你___了什么？","do yesterday / stayed home / eat for breakfast / had toast","What did you do yesterday? — I stayed home.",L1,34
完成时入门,去过/做过,"I have been to ___.","我去过___","Beijing / Japan / the US / Hong Kong / three countries / abroad","I have been to Beijing.",L1,35
完成时入门,去过/做过,"Have you ever been to ___? — Yes, I have. / No, I haven't.","你去过___吗？","Shanghai / Paris / a concert / this restaurant / abroad","Have you ever been to Shanghai?",L1,36
完成时入门,去过/做过,"I have never ___.","我从来没___过","been abroad / driven a car / seen snow / eaten Indian food / tried it","I have never tried hot pot.",L1,37
完成时入门,去过/做过,"Have you ___? — Yes, I have. / Not yet.","你___了吗？","finished your homework / eaten / called her / seen this / decided","Have you finished your homework?",L1,38
完成时入门,去过/做过,"She has already ___.","她已经___了","left / finished / eaten / called / gone home / paid the bill","She has already left the office.",L1,39
完成时入门,刚刚/还没,"I have just ___.","我刚___","arrived / finished / eaten / heard the news / talked to him / seen her","I have just arrived at the station.",L1,40
完成时入门,刚刚/还没,"I haven't ___ yet.","我还没___","eaten lunch / decided / finished / told him / started / gotten a reply","I haven't eaten lunch yet.",L1,41
完成时入门,持续多久,"I have ___ for ___.","我已经___了___","lived here / five years / worked here / three years / known her / a long time","I have lived here for five years.",L1,42
完成时入门,持续多久,"He/She has ___ since ___.","他/她从___开始___","worked here / 2020 / been a teacher / 2018 / played piano / he was 6","She has worked here since 2020.",L1,43
过去与现在对比,used to 习惯,"I used to ___, but now I ___.","我以前___，但现在___","play the piano / don't / live in a small town / live in the city","I used to play the piano, but now I don't.",L1,44
过去与现在对比,used to 习惯,"She used to ___, but now she ___.","她以前___，但现在___","have long hair / has short hair / wear glasses / wears contacts / be shy / is outgoing","She used to have long hair, but now she has short hair.",L1,45
过去与现在对比,used to 习惯,"I didn't use to ___, but now I ___.","我以前不___，但现在___","like vegetables / love them / get up early / do / drink coffee / drink tea","I didn't use to like vegetables, but now I love them.",L1,46
过去与现在对比,used to 习惯,"Did you use to ___? — Yes, I did. / No, I didn't.","你以前___吗？","live here / play soccer / study at this school / have a pet","Did you use to live here? — Yes, I did.",L1,47
过去与现在对比,回忆过去,"I remember when I was a child, I ___ every day.","我记得小时候每天都___","played outside / went fishing / rode my bike / watched cartoons","I remember when I was a child, I played outside every day.",L1,48
过去与现在对比,生活变化,"When I was ___, I ___. Now I ___.","我___时___。现在我___。","young / stayed up late / go to bed early / a kid / was afraid / am not","When I was young, I stayed up late. Now I go to bed early.",L1,49
过去与现在对比,生活变化,"I always ___ when I was a ___.","我___时总是___","watched TV / kid / played outside / child / studied hard / student","I always watched TV after school when I was a kid.",L1,50
过去与现在对比,今昔对比,"Life was ___ before. Now ___.","以前生活___。现在___。","simpler / everything is so fast / cheaper / prices are higher","Life was simpler before. Now everything is so fast.",L1,51
过去与现在对比,今昔对比,"There used to be ___, but now it's ___.","以前有___，现在变成___了","a park / a shopping mall / a cinema / a supermarket / a school / an apartment","There used to be a park here, but now it's a shopping mall.",L1,52
过去与现在对比,今昔综合表达,"I used to think ___, but now I know ___.","我以前以为___，现在知道___","this was difficult / it's easy / he was unfriendly / he's nice","I used to think this was difficult, but now I know it's easy.",L1,53
过去与现在对比,今昔综合表达,"Things have changed so much in the past ___.","过去___变化太大了","ten years / five years / few months / decade / century","Things have changed so much in the past ten years.",L1,54
